date,  KOSDAQ_Index(Avg.),  KOSDAQ_Index(End of),  KOSDAQ_Market Capitalization,  KOSDAQ_No.of Listed Companies,  KOSDAQ_No.of Listed Issues,  KOSDAQ_No.of Listed Shares,  KOSDAQ_Trading Value,  KOSDAQ_Trading Value (Daily Arg.),  KOSDAQ_Trading Volume,  KOSDAQ_Trading Volume (Daily Arg.),  KOSDAQ_Turn-over ratio over listed stock,  KOSPI_Dividend yield ratio,  KOSPI_Index(Avg.),  KOSPI_Index(End Of),  KOSPI_Market Capitalization,  KOSPI_No. of Listed Shares,  KOSPI_No.of Listed Companies,  KOSPI_No.of Listed Issues,  KOSPI_Price Earnings Ratio,  KOSPI_Trading Value,  KOSPI_Trading Value (Daily Arg.),  KOSPI_Trading Volume,  KOSPI_Trading Volume (Daily Arg.),  KOSPI_Turn-over ratio over listed stock
2018/01,872.45,913.57,"325,329,741,485.00","1,267.00","1,270.00","34,058,713,700.00","190,697,238,139.00","8,668,056,279.00","25,448,023,937.00","1,156,728,361.00",75.03,1.31,"2,520.94","2,566.46","1,668,579,804,447.00","42,641,261,615.00",776.00,890.00,13.50,"157,136,686,018.00","7,142,576,637.00","8,253,530,594.00","375,160,482.00",19.34
2018/02,863.64,857.06,"274,633,003,993.00","1,271.00","1,274.00","34,060,236,290.00","110,926,912,283.00","6,162,606,238.00","16,070,243,896.00","892,791,328.00",47.14,1.35,"2,439.10","2,427.36","1,611,555,217,440.00","42,836,229,228.00",777.00,891.00,13.02,"123,961,468,886.00","6,886,748,271.00","7,281,216,250.00","404,512,014.00",17.03
2018/03,867.92,871.09,"280,940,228,854.00","1,268.00","1,271.00","34,254,064,794.00","115,733,234,875.00","5,511,106,423.00","17,897,027,088.00","852,239,385.00",52.40,1.34,"2,451.57","2,445.85","1,627,646,951,097.00","43,167,779,306.00",777.00,892.00,13.10,"144,557,236,057.00","6,883,677,907.00","8,078,904,661.00","384,709,746.00",18.79
2018/04,879.89,875.95,"284,649,041,469.00","1,269.00","1,272.00","34,474,053,214.00","136,156,475,162.00","6,483,641,674.00","23,023,657,217.00","1,096,364,629.00",66.94,1.30,"2,458.22","2,515.38","1,680,104,341,308.00","43,355,407,357.00",777.00,892.00,13.50,"164,052,568,097.00","7,812,027,052.00","10,439,849,786.00","497,135,704.00",24.14
2018/05,863.84,879.66,"286,712,764,239.00","1,269.00","1,272.00","34,418,607,389.00","118,768,221,581.00","5,938,411,079.00","21,459,437,193.00","1,072,971,860.00",62.30,1.61,"2,461.30","2,423.01","1,619,387,832,449.00","51,029,760,835.00",777.00,891.00,11.61,"181,065,264,275.00","9,053,263,214.00","12,820,544,339.00","641,027,217.00",25.63
2018/06,850.60,818.22,"267,688,877,675.00","1,272.00","1,275.00","34,737,129,096.00","93,091,069,688.00","4,899,529,984.00","15,798,786,726.00","831,515,091.00",45.70,1.67,"2,394.51","2,326.13","1,554,717,340,202.00","51,125,980,701.00",779.00,893.00,11.05,"143,377,974,829.00","7,546,209,202.00","9,450,856,204.00","497,413,484.00",18.52
2018/07,793.49,775.52,"256,779,938,719.00","1,273.00","1,276.00","35,120,424,531.00","75,768,925,252.00","3,444,042,057.00","13,734,935,950.00","624,315,270.00",39.18,1.70,"2,284.25","2,295.26","1,536,034,531,292.00","51,824,117,347.00",784.00,898.00,10.89,"121,236,920,671.00","5,510,769,121.00","7,509,557,921.00","341,343,542.00",14.57
2018/08,786.00,816.97,"272,940,321,623.00","1,281.00","1,284.00","35,474,017,039.00","77,814,939,804.00","3,537,042,718.00","13,102,045,200.00","595,547,509.00",37.13,1.68,"2,283.80","2,322.88","1,554,873,150,916.00","52,005,827,833.00",787.00,901.00,11.01,"114,980,946,076.00","5,226,406,640.00","6,204,573,096.00","282,026,050.00",11.94
2018/09,824.62,822.27,"273,283,124,656.00","1,285.00","1,288.00","35,739,170,737.00","80,039,230,922.00","4,708,190,054.00","10,957,376,690.00","644,551,570.00",30.78,1.66,"2,307.33","2,343.07","1,567,600,410,138.00","52,063,119,299.00",788.00,902.00,11.24,"103,179,959,818.00","6,069,409,401.00","5,433,226,207.00","319,601,542.00",10.44
2018/10,724.95,648.67,"216,610,549,872.00","1,283.00","1,286.00","35,910,457,605.00","72,727,460,475.00","3,463,212,404.00","11,766,829,954.00","560,325,236.00",32.84,1.91,"2,153.48","2,029.69","1,361,478,009,940.00","52,269,940,511.00",788.00,902.00,9.74,"128,133,220,325.00","6,101,581,920.00","7,022,096,257.00","334,385,536.00",13.46
2018/11,687.78,695.76,"233,039,252,203.00","1,301.00","1,304.00","35,959,955,151.00","68,898,452,439.00","3,131,747,838.00","12,640,975,404.00","574,589,791.00",35.45,1.85,"2,083.33","2,096.86","1,403,482,457,592.00","52,337,546,122.00",789.00,903.00,10.07,"116,439,444,410.00","5,292,702,019.00","6,978,958,763.00","317,225,398.00",13.34
2018/12,676.49,675.65,"228,238,295,556.00","1,323.00","1,326.00","36,397,928,717.00","61,235,954,293.00","3,222,944,963.00","11,535,487,944.00","607,130,944.00",31.87,1.93,"2,070.13","2,041.04","1,343,971,857,986.00","52,094,789,048.00",788.00,901.00,9.58,"99,742,194,373.00","5,249,589,178.00","7,631,879,180.00","401,677,852.00",14.66
2019/01,690.46,716.86,"242,350,256,510.00","1,323.00","1,326.00","36,359,821,910.00","82,135,475,957.00","3,733,430,725.00","15,020,632,129.00","682,756,006.00",41.39,1.78,"2,101.98","2,204.85","1,455,505,296,056.00","52,362,035,044.00",788.00,901.00,10.36,"123,269,550,926.00","5,603,161,406.00","9,455,197,243.00","429,781,693.00",18.10
2019/02,739.71,731.25,"249,196,922,426.00","1,325.00","1,328.00","36,590,562,619.00","67,740,834,616.00","3,984,754,977.00","13,731,086,471.00","807,710,969.00",37.64,1.77,"2,210.20","2,195.44","1,448,767,023,639.00","52,486,929,008.00",788.00,901.00,10.38,"95,521,375,674.00","5,618,904,451.00","6,882,554,315.00","404,856,136.00",13.13
2019/03,742.44,729.31,"249,257,413,980.00","1,331.00","1,334.00","36,823,316,265.00","89,305,081,994.00","4,465,254,100.00","15,572,983,777.00","778,649,189.00",42.43,1.81,"2,161.91","2,140.67","1,417,246,090,701.00","52,607,645,632.00",791.00,904.00,10.13,"98,439,945,182.00","4,921,997,259.00","6,458,055,507.00","322,902,775.00",12.29
2019/04,755.68,754.74,"258,788,699,293.00","1,332.00","1,335.00","37,146,563,847.00","93,503,017,843.00","4,250,137,175.00","18,551,303,122.00","843,241,051.00",50.20,1.76,"2,212.12","2,203.59","1,461,526,970,030.00","52,846,165,737.00",791.00,904.00,10.43,"118,322,428,676.00","5,378,292,213.00","9,689,748,201.00","440,443,100.00",18.37
2019/05,715.13,696.47,"236,882,568,200.00","1,338.00","1,341.00","37,197,266,220.00","90,933,188,259.00","4,330,151,822.00","17,265,391,521.00","822,161,501.00",46.32,2.20,"2,086.90","2,041.74","1,358,693,515,770.00","53,562,064,556.00",790.00,901.00,10.59,"113,039,830,448.00","5,382,849,069.00","11,242,891,618.00","535,375,791.00",21.14
2019/06,714.47,690.53,"236,405,674,233.00","1,344.00","1,347.00","37,491,659,404.00","81,685,668,785.00","4,299,245,726.00","16,255,017,184.00","855,527,220.00",43.53,2.09,"2,105.30","2,130.62","1,419,520,754,393.00","53,568,677,689.00",789.00,900.00,12.32,"87,408,487,947.00","4,600,446,734.00","11,256,687,016.00","592,457,211.00",21.01
2019/07,667.48,630.18,"217,992,287,426.00","1,353.00","1,356.00","37,708,492,254.00","95,786,953,212.00","4,164,650,140.00","18,132,119,963.00","788,353,042.00",48.27,2.20,"2,079.48","2,024.55","1,349,751,511,726.00","53,792,332,654.00",789.00,900.00,11.71,"101,867,676,835.00","4,429,029,428.00","11,908,954,060.00","517,780,611.00",22.18
2019/08,595.05,610.55,"212,772,631,898.00","1,364.00","1,367.00","37,752,633,062.00","83,869,274,627.00","3,993,774,982.00","16,017,360,132.00","762,731,435.00",42.60,2.26,"1,944.24","1,967.79","1,313,598,665,258.00","54,037,382,585.00",789.00,901.00,11.38,"97,918,870,808.00","4,662,803,372.00","10,472,131,195.00","498,672,914.00",19.43
2019/09,632.96,621.76,"218,426,090,722.00","1,368.00","1,371.00","37,984,930,373.00","75,568,602,032.00","3,977,294,844.00","15,231,611,983.00","801,663,789.00",40.22,2.16,"2,045.21","2,063.05","1,379,383,990,482.00","54,167,539,003.00",789.00,901.00,14.09,"85,892,320,227.00","4,520,648,433.00","8,620,782,748.00","453,725,408.00",15.94
2019/10,644.97,658.52,"232,231,894,759.00","1,377.00","1,380.00","38,261,487,549.00","112,031,856,399.00","5,334,850,305.00","18,650,853,995.00","888,135,905.00",48.96,2.13,"2,065.75","2,083.48","1,397,134,899,921.00","54,685,125,279.00",794.00,910.00,14.23,"92,843,022,831.00","4,421,096,325.00","8,884,391,876.00","423,066,280.00",16.36
2019/11,656.89,632.99,"226,930,389,499.00","1,390.00","1,393.00","38,838,750,030.00","105,601,331,402.00","5,028,634,829.00","21,649,432,241.00","1,030,925,345.00",56.32,2.13,"2,128.79","2,087.96","1,401,938,201,846.00","54,938,973,241.00",798.00,914.00,14.27,"111,659,054,443.00","5,317,097,831.00","10,737,647,300.00","511,316,538.00",19.58
2019/12,640.54,669.83,"241,350,997,493.00","1,405.00","1,408.00","39,415,054,172.00","81,959,220,420.00","4,097,961,021.00","16,773,683,797.00","838,684,190.00",42.82,2.02,"2,147.01","2,197.67","1,475,909,365,806.00","55,322,658,427.00",799.00,916.00,18.20,"101,309,950,343.00","5,065,497,517.00","10,188,752,704.00","509,437,635.00",18.51
2020/01,671.12,642.48,"232,461,525,069.00","1,404.00","1,407.00","39,831,557,643.00","108,934,524,552.00","5,446,726,228.00","20,146,155,222.00","1,007,307,761.00",50.79,2.09,"2,203.44","2,119.01","1,427,047,754,940.00","55,465,186,013.00",800.00,917.00,17.56,"128,693,460,715.00","6,434,673,036.00","13,096,066,333.00","654,803,317.00",23.64
2020/02,667.30,610.73,"221,971,810,594.00","1,407.00","1,410.00","40,124,944,015.00","131,841,054,137.00","6,592,052,707.00","25,669,356,786.00","1,283,467,839.00",64.23,2.22,"2,167.12","1,987.01","1,337,716,963,290.00","55,270,362,982.00",799.00,916.00,16.50,"151,657,715,900.00","7,582,885,795.00","13,959,766,513.00","697,988,326.00",25.20
2020/03,549.44,569.07,"208,277,587,033.00","1,413.00","1,416.00","40,645,147,638.00","184,702,743,724.00","8,395,579,260.00","30,568,284,847.00","1,389,467,493.00",75.55,2.51,"1,786.75","1,754.64","1,179,728,722,561.00","54,768,125,536.00",798.00,915.00,14.66,"222,127,870,190.00","10,096,721,372.00","17,091,025,314.00","776,864,787.00",31.08
2020/04,615.60,645.18,"237,464,993,002.00","1,412.00","1,415.00","41,032,751,802.00","199,549,755,571.00","9,977,487,779.00","35,191,624,196.00","1,759,581,210.00",86.33,2.27,"1,849.59","1,947.56","1,309,179,248,331.00","54,895,358,624.00",796.00,912.00,16.26,"216,059,109,849.00","10,802,955,492.00","21,045,120,912.00","1,052,256,046.00",38.37
2020/05,695.30,713.68,"262,489,491,150.00","1,409.00","1,412.00","40,908,691,998.00","195,058,400,501.00","10,266,231,605.00","31,031,536,107.00","1,633,238,742.00",75.71,2.15,"1,965.17","2,029.60","1,363,450,451,367.00","55,008,701,941.00",796.00,913.00,19.62,"189,189,354,133.00","9,957,334,428.00","16,206,496,902.00","852,973,521.00",29.50
2020/06,743.57,737.97,"273,285,565,081.00","1,413.00","1,416.00","41,228,550,049.00","241,026,142,742.00","10,955,733,761.00","30,963,159,463.00","1,407,416,339.00",75.33,2.06,"2,134.70","2,108.33","1,418,860,741,475.00","55,067,321,497.00",793.00,910.00,24.18,"287,641,978,233.00","13,074,635,374.00","19,863,704,134.00","902,895,642.00",36.10
2020/07,781.02,815.30,"303,951,763,087.00","1,422.00","1,425.00","41,419,738,298.00","248,959,195,183.00","10,824,312,834.00","31,615,918,347.00","1,374,605,146.00",76.58,1.92,"2,195.95","2,249.37","1,526,798,727,990.00","54,728,344,276.00",791.00,908.00,26.04,"299,769,080,813.00","13,033,438,296.00","18,866,786,790.00","820,295,078.00",34.62
2020/08,835.29,848.24,"322,427,182,130.00","1,429.00","1,432.00","41,802,295,780.00","296,123,447,310.00","14,806,172,366.00","34,867,205,972.00","1,743,360,299.00",83.69,1.85,"2,349.87","2,326.17","1,581,099,787,410.00","55,288,841,507.00",795.00,912.00,26.70,"323,948,886,479.00","16,197,444,324.00","17,643,123,574.00","882,156,179.00",32.05
2020/09,865.53,848.15,"328,737,556,832.00","1,439.00","1,442.00","42,111,558,737.00","299,799,576,570.00","14,276,170,313.00","42,817,505,462.00","2,038,928,832.00",102.00,1.85,"2,371.52","2,327.89","1,584,465,079,442.00","55,239,961,773.00",796.00,914.00,27.79,"298,108,591,925.00","14,195,647,235.00","19,606,896,975.00","933,661,761.00",35.44
2020/10,832.64,792.65,"309,289,392,480.00","1,445.00","1,448.00","42,188,421,891.00","193,498,279,762.00","10,184,119,987.00","36,610,555,415.00","1,926,871,338.00",86.84,1.89,"2,357.82","2,267.15","1,553,004,436,321.00","55,634,206,539.00",797.00,915.00,27.23,"206,093,511,871.00","10,847,026,941.00","15,705,576,987.00","826,609,315.00",28.28
2020/11,850.78,886.11,"349,878,362,037.00","1,451.00","1,454.00","42,753,817,674.00","258,496,704,025.00","12,309,366,858.00","41,798,996,883.00","1,990,428,423.00",98.48,1.65,"2,504.18","2,591.34","1,779,635,399,547.00","56,024,758,709.00",799.00,917.00,31.17,"320,234,746,626.00","15,249,273,649.00","24,377,964,949.00","1,160,855,474.00",43.70
2020/12,928.02,968.42,"385,582,620,024.00","1,468.00","1,471.00","43,416,084,386.00","324,196,919,602.00","15,437,948,552.00","43,369,629,148.00","2,065,220,436.00",100.79,1.48,"2,755.77","2,873.47","1,980,543,161,609.00","56,609,043,184.00",800.00,917.00,29.47,"382,179,110,336.00","18,199,005,254.00","24,561,049,328.00","1,169,573,778.00",43.66
2021/01,975.31,928.73,"373,691,858,148.00","1,473.00","1,476.00","44,080,968,506.00","312,372,887,207.00","15,618,644,360.00","41,834,310,229.00","2,091,715,511.00",95.60,1.43,"3,089.27","2,976.21","2,051,302,353,271.00","56,669,739,224.00",801.00,919.00,30.59,"529,556,443,855.00","26,477,822,193.00","26,093,976,278.00","1,304,698,814.00",46.04
2021/02,956.98,913.94,"371,466,543,251.00","1,483.00","1,486.00","44,437,647,535.00","238,928,056,657.00","13,273,780,925.00","52,412,164,894.00","2,911,786,939.00",118.34,1.41,"3,092.41","3,012.95","2,079,822,287,071.00","56,862,057,213.00",803.00,921.00,30.98,"343,717,593,913.00","19,095,421,884.00","30,029,597,466.00","1,668,310,970.00",52.85
2021/03,935.33,956.17,"388,147,690,314.00","1,493.00","1,496.00","44,770,799,509.00","243,005,856,825.00","11,045,720,765.00","53,840,290,669.00","2,447,285,940.00",120.55,1.38,"3,032.47","3,061.42","2,133,373,184,071.00","57,433,422,392.00",805.00,923.00,31.67,"332,939,741,955.00","15,133,624,634.00","27,901,981,044.00","1,268,271,866.00",48.88
2021/04,"1,001.79",983.45,"405,736,743,777.00","1,496.00","1,499.00","45,602,253,016.00","273,972,868,677.00","12,453,312,213.00","55,494,855,511.00","2,522,493,432.00",122.29,1.34,"3,165.08","3,147.86","2,196,644,814,286.00","58,092,236,863.00",804.00,922.00,32.60,"346,210,093,031.00","15,736,822,410.00","31,066,511,618.00","1,412,114,164.00",53.72
2021/05,969.08,981.78,"408,938,575,016.00","1,505.00","1,508.00","44,601,940,926.00","178,785,643,974.00","9,409,770,735.00","29,315,277,167.00","1,542,909,325.00",64.81,1.79,"3,169.20","3,203.92","2,240,204,442,358.00","58,423,341,777.00",808.00,927.00,26.69,"303,551,521,072.00","15,976,395,846.00","18,790,315,271.00","988,963,962.00",32.26
2021/06,"1,000.92","1,029.96","430,852,268,750.00","1,506.00","1,509.00","44,840,078,048.00","229,893,489,880.00","10,449,704,085.00","38,255,495,973.00","1,738,886,181.00",85.77,1.73,"3,259.14","3,296.68","2,307,579,219,298.00","58,686,076,275.00",808.00,927.00,18.38,"372,849,547,291.00","16,947,706,695.00","35,354,542,874.00","1,607,024,676.00",60.45
2021/07,"1,043.29","1,031.14","431,002,824,833.00","1,505.00","1,508.00","45,157,976,282.00","275,517,588,044.00","12,523,526,729.00","35,922,635,554.00","1,632,847,071.00",79.92,1.78,"3,254.57","3,202.32","2,252,545,492,371.00","59,040,742,998.00",810.00,929.00,17.85,"303,914,648,353.00","13,814,302,198.00","22,117,057,112.00","1,005,320,778.00",37.58
2021/08,"1,029.98","1,038.33","438,022,823,463.00","1,507.00","1,510.00","45,633,120,188.00","250,559,577,293.00","11,931,408,443.00","27,013,485,798.00","1,286,356,467.00",59.47,1.73,"3,182.50","3,199.27","2,309,062,612,930.00","59,972,891,258.00",816.00,935.00,18.20,"325,958,243,309.00","15,521,821,110.00","13,800,929,905.00","657,187,138.00",23.12
2021/09,"1,035.89","1,003.27","425,618,382,401.00","1,512.00","1,515.00","45,807,245,590.00","206,864,836,834.00","10,887,622,991.00","24,515,301,071.00","1,290,279,004.00",53.66,1.79,"3,141.70","3,068.82","2,231,957,338,379.00","60,456,235,769.00",819.00,938.00,14.72,"267,165,925,096.00","14,061,364,479.00","14,269,522,234.00","751,027,486.00",23.67
2021/10,980.64,992.33,"425,205,954,506.00","1,519.00","1,522.00","46,174,252,428.00","207,606,103,752.00","10,926,637,040.00","24,945,399,992.00","1,312,915,789.00",54.26,1.85,"2,989.87","2,970.68","2,159,375,927,406.00","60,682,046,017.00",820.00,939.00,14.25,"223,322,464,627.00","11,753,813,928.00","13,911,734,997.00","732,196,579.00",22.96
2021/11,"1,010.57",965.63,"418,808,272,904.00","1,528.00","1,531.00","46,362,957,167.00","277,197,308,192.00","12,599,877,645.00","26,593,626,760.00","1,208,801,216.00",57.53,1.92,"2,964.30","2,839.01","2,095,821,072,303.00","61,538,260,961.00",822.00,941.00,13.77,"257,791,288,034.00","11,717,785,820.00","13,789,073,481.00","626,776,067.00",22.64
2021/12,"1,004.65","1,033.98","446,297,029,882.00","1,532.00","1,536.00","46,583,694,959.00","246,900,887,513.00","11,222,767,614.00","25,251,668,092.00","1,147,803,095.00",54.36,1.82,"2,988.49","2,977.65","2,203,366,545,862.00","61,992,915,470.00",824.00,943.00,12.72,"218,230,075,903.00","9,919,548,905.00","10,665,615,343.00","484,800,697.00",17.29
2022/01,954.86,872.87,"380,260,388,779.00","1,535.00","1,539.00","46,878,714,432.00","187,364,651,396.00","9,368,232,570.00","24,347,280,945.00","1,217,364,047.00",52.06,1.92,"2,865.55","2,663.34","2,094,859,102,057.00","62,179,945,296.00",822.00,941.00,12.14,"225,654,507,004.00","11,282,725,350.00","10,925,620,515.00","546,281,026.00",17.62
2022/02,879.53,881.07,"387,033,875,719.00","1,545.00","1,549.00","46,229,864,811.00","138,777,788,828.00","7,709,877,157.00","19,100,760,026.00","1,061,153,335.00",41.17,1.89,"2,724.02","2,699.18","2,120,187,753,791.00","62,142,399,039.00",821.00,940.00,12.32,"197,103,451,689.00","10,950,191,761.00","10,117,938,499.00","562,107,694.00",16.28
2022/03,909.64,944.53,"417,317,124,961.00","1,552.00","1,556.00","46,409,584,194.00","184,947,660,884.00","8,807,031,471.00","26,337,447,306.00","1,254,164,157.00",56.90,1.85,"2,698.72","2,757.65","2,164,962,823,835.00","62,702,416,140.00",821.00,940.00,12.58,"232,672,615,187.00","11,079,648,342.00","14,407,387,495.00","686,066,071.00",23.13
2022/04,923.66,904.75,"401,206,971,105.00","1,554.00","1,558.00","46,611,269,082.00","161,509,383,189.00","7,690,923,009.00","27,490,731,023.00","1,309,082,430.00",59.05,1.89,"2,703.24","2,695.05","2,119,864,985,288.00","63,066,057,133.00",820.00,940.00,12.30,"228,200,608,249.00","10,866,695,631.00","22,025,887,930.00","1,048,851,806.00",35.02
2022/05,873.70,893.36,"395,862,738,789.00","1,552.00","1,556.00","46,108,703,955.00","153,445,228,119.00","7,306,915,625.00","23,874,065,047.00","1,136,860,240.00",51.28,1.85,"2,628.34","2,685.90","2,113,784,328,537.00","62,187,054,449.00",821.00,941.00,11.12,"200,736,287,525.00","9,558,870,835.00","16,868,003,801.00","803,238,276.00",26.86
2022/06,806.94,745.44,"325,164,482,012.00","1,561.00","1,565.00","46,659,344,010.00","146,311,100,524.00","7,315,555,026.00","21,826,731,140.00","1,091,336,557.00",47.10,2.13,"2,474.95","2,332.64","1,835,493,487,294.00","62,226,674,541.00",821.00,941.00,10.17,"178,183,604,486.00","8,909,180,224.00","12,014,671,402.00","600,733,570.00",19.31
2022/07,771.13,803.62,"363,327,090,143.00","1,571.00","1,575.00","47,069,204,991.00","127,464,152,595.00","6,069,721,552.00","17,267,347,816.00","822,254,658.00",36.84,2.02,"2,362.79","2,451.50","1,931,903,737,357.00","62,397,808,858.00",820.00,937.00,10.69,"152,171,652,837.00","7,246,269,183.00","7,955,652,326.00","378,840,587.00",12.77
2022/08,813.69,807.04,"366,816,015,012.00","1,577.00","1,581.00","47,494,976,018.00","142,434,173,841.00","6,474,280,629.00","18,572,763,083.00","844,216,504.00",39.27,2.00,"2,479.57","2,472.05","1,948,130,001,180.00","62,990,694,942.00",822.00,939.00,10.80,"171,364,869,529.00","7,789,312,251.00","9,767,925,852.00","443,996,630.00",15.55
2022/09,748.11,672.65,"308,863,848,074.00","1,582.00","1,586.00","48,205,181,673.00","123,927,674,862.00","6,196,383,743.00","16,847,909,299.00","842,395,465.00",35.16,2.30,"2,333.93","2,155.49","1,698,450,563,094.00","63,061,320,609.00",822.00,939.00,9.26,"153,912,993,028.00","7,695,649,651.00","9,375,488,477.00","468,774,424.00",14.87
2022/10,685.30,695.33,"321,315,139,825.00","1,595.00","1,599.00","48,460,614,941.00","100,772,043,727.00","5,303,791,775.00","18,239,264,368.00","959,961,283.00",37.76,2.16,"2,230.27","2,293.61","1,810,255,609,226.00","63,236,361,118.00",823.00,940.00,9.87,"144,142,019,050.00","7,586,422,055.00","11,774,296,522.00","619,699,817.00",18.62
2022/11,720.14,729.54,"337,947,065,678.00","1,606.00","1,610.00","48,812,914,281.00","123,033,606,853.00","5,592,436,675.00","20,236,659,173.00","919,848,144.00",41.60,2.00,"2,417.56","2,472.53","1,953,840,810,263.00","63,406,439,669.00",825.00,942.00,10.64,"192,361,101,640.00","8,743,686,438.00","12,748,764,620.00","579,489,301.00",20.14
2022/12,713.28,679.29,"315,498,720,104.00","1,611.00","1,615.00","48,737,548,363.00","107,564,599,387.00","5,122,123,780.00","20,220,445,967.00","962,878,379.00",41.41,2.22,"2,361.28","2,236.40","1,767,235,220,931.00","63,527,818,543.00",826.00,943.00,10.76,"139,562,119,560.00","6,645,815,217.00","8,436,756,930.00","401,750,330.00",13.31
2023/01,709.48,740.49,"345,558,866,758.00","1,614.00","1,618.00","49,148,592,322.00","123,461,295,067.00","6,173,064,753.00","20,994,956,164.00","1,049,747,808.00",42.88,2.04,"2,362.36","2,425.08","1,918,934,214,743.00","63,449,076,860.00",827.00,945.00,11.69,"139,364,232,100.00","6,968,211,605.00","9,416,084,339.00","470,804,217.00",14.80
2023/02,776.31,791.60,"371,912,984,934.00","1,621.00","1,625.00","49,408,482,062.00","192,595,925,942.00","9,629,796,297.00","23,354,914,940.00","1,167,745,747.00",47.39,2.05,"2,450.34","2,412.85","1,906,496,015,273.00","63,347,232,307.00",825.00,943.00,11.66,"160,375,109,479.00","8,018,755,474.00","9,658,016,131.00","482,900,807.00",15.25
2023/03,809.03,847.52,"399,097,446,428.00","1,629.00","1,633.00","49,867,075,983.00","280,240,072,872.00","12,738,185,131.00","26,299,935,125.00","1,195,451,597.00",52.96,2.00,"2,417.56","2,476.86","1,957,926,358,389.00","63,637,451,402.00",827.00,946.00,11.97,"196,566,131,215.00","8,934,824,146.00","10,078,349,704.00","458,106,805.00",15.89
2023/04,875.26,842.83,"401,309,247,872.00","1,632.00","1,636.00","50,166,916,669.00","276,289,465,083.00","13,814,473,254.00","31,809,449,479.00","1,590,472,474.00",63.65,1.98,"2,523.29","2,501.53","1,979,839,469,129.00","63,501,493,864.00",829.00,948.00,12.14,"251,809,471,800.00","12,590,473,590.00","16,701,471,577.00","835,073,579.00",26.19
2023/05,840.39,856.94,"410,762,791,558.00","1,636.00","1,640.00","50,494,558,808.00","178,197,468,786.00","8,909,873,439.00","25,403,463,471.00","1,270,173,174.00",50.64,1.93,"2,524.43","2,577.12","2,039,961,429,935.00","62,266,849,002.00",831.00,950.00,13.57,"182,677,692,777.00","9,133,884,639.00","13,833,202,023.00","691,660,101.00",22.00
2023/06,876.94,868.24,"417,824,127,927.00","1,647.00","1,651.00","50,335,147,703.00","190,971,427,432.00","9,093,877,497.00","24,113,627,089.00","1,148,267,957.00",47.88,1.94,"2,598.91","2,564.28","2,035,090,950,256.00","62,469,035,755.00",834.00,953.00,15.69,"210,622,315,241.00","10,029,634,059.00","12,522,672,562.00","596,317,741.00",20.07
2023/07,901.09,935.97,"453,032,138,637.00","1,656.00","1,660.00","50,931,222,076.00","269,371,571,738.00","12,827,217,702.00","20,763,507,985.00","988,738,475.00",41.02,1.88,"2,594.39","2,632.58","2,085,912,205,407.00","62,650,087,663.00",835.00,949.00,16.12,"297,993,572,821.00","14,190,170,134.00","12,043,723,531.00","573,510,644.00",19.25
2023/08,904.47,928.40,"449,317,149,907.00","1,666.00","1,670.00","51,268,174,841.00","266,692,963,693.00","12,122,407,441.00","25,730,866,102.00","1,169,584,823.00",50.33,1.94,"2,562.05","2,556.27","2,025,220,695,462.00","62,008,710,221.00",836.00,950.00,15.64,"238,163,379,639.00","10,825,608,165.00","12,288,561,661.00","558,570,985.00",19.63
2023/09,888.14,841.02,"408,940,675,178.00","1,671.00","1,675.00","51,631,138,658.00","204,073,147,569.00","10,740,691,977.00","19,970,603,461.00","1,051,084,393.00",38.82,2.00,"2,543.82","2,465.07","1,955,817,974,946.00","62,068,590,598.00",837.00,951.00,18.45,"158,421,525,336.00","8,337,975,018.00","7,811,491,335.00","411,131,123.00",12.62
2023/10,789.12,736.10,"359,870,029,631.00","1,679.00","1,682.00","51,984,541,125.00","125,054,555,068.00","6,581,818,688.00","16,875,371,384.00","888,177,441.00",32.58,2.16,"2,392.14","2,277.99","1,815,424,104,493.00","61,858,973,735.00",838.00,952.00,17.08,"159,349,717,315.00","8,386,827,227.00","9,781,368,274.00","514,808,857.00",15.78
2023/11,804.81,831.68,"409,505,275,921.00","1,696.00","1,699.00","52,409,350,230.00","167,136,422,973.00","7,597,110,135.00","18,768,188,890.00","853,099,495.00",36.02,1.94,"2,458.95","2,535.29","2,027,777,361,361.00","62,258,246,615.00",838.00,952.00,19.09,"180,854,956,353.00","8,220,679,834.00","9,185,593,753.00","417,526,989.00",14.81
2023/12,840.85,866.57,"431,792,284,697.00","1,702.00","1,705.00","52,483,485,083.00","181,930,396,214.00","9,575,284,011.00","19,842,098,876.00","1,044,320,993.00",37.75,1.83,"2,553.64","2,655.28","2,126,372,515,851.00","62,263,359,599.00",839.00,953.00,19.36,"176,460,785,238.00","9,287,409,749.00","8,540,895,194.00","449,520,800.00",13.72
2024/01,851.36,799.24,"374,861,916,613.00","1,702.00","1,705.00","52,924,924,313.00","230,914,801,542.00","10,496,127,343.00","26,669,243,186.00","1,212,238,327.00",50.71,1.93,"2,518.59","2,497.09","2,030,032,668,711.00","62,543,818,118.00",839.00,953.00,18.33,"195,246,936,880.00","8,874,860,767.00","12,212,551,209.00","555,115,964.00",19.55
2024/02,845.11,862.96,"407,740,050,432.00","1,711.00","1,714.00","53,499,066,123.00","210,525,017,822.00","11,080,264,096.00","22,794,410,970.00","1,199,705,841.00",43.05,1.83,"2,630.42","2,642.36","2,154,501,763,496.00","62,516,873,406.00",840.00,954.00,19.42,"215,351,679,283.00","11,334,298,910.00","10,029,662,839.00","527,876,992.00",16.03
2024/03,890.64,905.50,"431,430,814,340.00","1,718.00","1,721.00","54,211,774,044.00","223,848,650,259.00","11,192,432,513.00","21,857,078,797.00","1,092,853,940.00",40.71,1.76,"2,699.59","2,746.63","2,240,537,707,931.00","62,640,083,953.00",840.00,954.00,20.21,"230,951,907,387.00","11,547,595,369.00","10,168,376,527.00","508,418,826.00",16.26
2024/04,861.70,868.93,"416,784,439,542.00","1,722.00","1,725.00","54,826,953,353.00","188,215,964,075.00","8,962,664,956.00","19,018,551,561.00","905,645,312.00",34.91,1.79,"2,674.25","2,692.06","2,193,843,858,061.00","62,139,108,855.00",840.00,953.00,19.78,"234,336,839,955.00","11,158,897,141.00","10,642,417,790.00","506,781,800.00",17.05
2024/05,854.39,839.98,"406,681,137,954.00","1,729.00","1,732.00","54,822,663,245.00","185,172,750,903.00","9,258,637,545.00","20,428,996,043.00","1,021,449,802.00",37.27,1.89,"2,710.45","2,636.52","2,151,017,465,412.00","62,299,141,557.00",840.00,953.00,20.34,"235,014,788,549.00","11,750,739,427.00","9,814,952,285.00","490,747,614.00",15.79
2024/06,854.67,840.44,"408,441,870,825.00","1,737.00","1,740.00","54,960,329,169.00","167,052,700,234.00","8,792,247,381.00","16,571,451,818.00","872,181,675.00",30.20,1.78,"2,748.16","2,797.82","2,283,888,693,661.00","62,481,914,560.00",841.00,954.00,18.75,"246,335,016,727.00","12,965,000,880.00","12,186,078,882.00","641,372,573.00",19.54
2024/07,830.51,803.15,"392,874,559,959.00","1,739.00","1,742.00","55,494,088,401.00","171,066,768,050.00","7,437,685,567.00","18,951,342,154.00","823,971,398.00",34.27,1.79,"2,809.19","2,770.69","2,262,832,341,049.00","62,562,957,037.00",844.00,957.00,18.60,"276,774,482,377.00","12,033,673,147.00","10,790,451,115.00","469,150,048.00",17.29
2024/08,765.97,767.66,"377,597,189,627.00","1,750.00","1,753.00","55,646,958,668.00","158,539,787,530.00","7,549,513,692.00","20,043,386,242.00","954,446,964.00",36.05,1.86,"2,647.99","2,674.31","2,187,461,755,865.00","62,708,234,816.00",845.00,958.00,17.93,"223,557,309,878.00","10,645,586,185.00","8,692,883,404.00","413,946,829.00",13.88
2024/09,743.04,763.88,"376,266,135,890.00","1,752.00","1,755.00","55,625,452,199.00","113,891,384,743.00","6,327,299,152.00","16,901,049,642.00","938,947,202.00",30.37,1.92,"2,593.62","2,593.27","2,115,975,531,403.00","62,769,994,102.00",846.00,959.00,14.58,"186,177,640,807.00","10,343,202,267.00","6,525,453,808.00","362,525,212.00",10.41
2024/10,756.82,743.06,"368,522,161,803.00","1,761.00","1,764.00","55,627,557,521.00","121,596,828,762.00","6,079,841,438.00","17,568,625,061.00","878,431,253.00",31.61,1.94,"2,596.11","2,556.15","2,083,807,734,486.00","62,889,198,056.00",845.00,958.00,14.37,"194,137,193,840.00","9,706,859,692.00","7,744,506,945.00","387,225,347.00",12.33
2024/11,705.81,678.19,"337,777,688,264.00","1,774.00","1,777.00","55,748,141,769.00","146,375,556,432.00","6,970,264,592.00","18,382,309,838.00","875,348,088.00",33.07,2.01,"2,504.19","2,455.91","2,011,421,418,735.00","63,234,255,071.00",847.00,960.00,13.87,"208,348,833,957.00","9,921,373,046.00","10,063,354,859.00","479,207,374.00",16.01
2024/12,677.00,678.19,"340,145,082,909.00","1,781.00","1,784.00","54,954,316,412.00","130,876,753,489.00","6,543,837,674.00","16,909,103,818.00","845,455,191.00",30.58,2.06,"2,443.64","2,399.49","1,963,328,801,432.00","63,394,324,571.00",848.00,961.00,12.66,"174,706,947,763.00","8,735,347,388.00","9,925,022,261.00","496,251,113.00",15.69
2025/01,719.09,728.29,"367,126,940,213.00","1,785.00","1,788.00","55,144,858,699.00","124,900,739,273.00","6,938,929,960.00","16,223,026,483.00","901,279,249.00",29.57,1.96,"2,503.89","2,517.37","2,057,132,279,189.00","63,652,096,053.00",848.00,961.00,13.29,"173,120,296,814.00","9,617,794,267.00","8,301,457,906.00","461,192,106.00",13.06
2025/02,754.01,743.96,"377,926,445,582.00","1,788.00","1,791.00","55,259,193,814.00","179,176,037,055.00","8,958,801,853.00","18,352,169,387.00","917,608,469.00",33.31,1.96,"2,578.75","2,532.78","2,074,378,682,303.00","63,784,693,929.00",848.00,961.00,13.35,"244,388,147,252.00","12,219,407,363.00","9,552,418,448.00","477,620,922.00",14.99
2025/03,723.77,672.85,"344,695,152,100.00","1,791.00","1,794.00","55,557,594,825.00","129,721,045,214.00","6,486,052,261.00","14,633,024,506.00","731,651,225.00",26.43,2.01,"2,585.97","2,481.12","2,033,508,107,512.00","63,718,850,242.00",850.00,963.00,13.01,"213,746,241,489.00","10,687,312,074.00","9,442,348,636.00","472,117,432.00",14.82
2025/04,700.17,717.24,"367,992,750,728.00","1,793.00","1,796.00","55,619,902,722.00","138,883,774,558.00","6,312,898,844.00","21,450,365,929.00","975,016,633.00",38.61,1.95,"2,472.18","2,556.61","2,094,129,065,499.00","63,706,824,111.00",849.00,962.00,13.40,"174,050,383,022.00","7,911,381,046.00","11,379,141,228.00","517,233,692.00",17.88
2025/05,725.78,734.35,"379,575,280,943.00","1,797.00","1,800.00","55,459,302,176.00","121,924,353,619.00","6,417,071,243.00","18,114,846,755.00","953,412,987.00",32.66,2.04,"2,620.08","2,697.67","2,210,646,190,920.00","63,760,791,771.00",849.00,962.00,13.39,"169,683,505,977.00","8,930,710,841.00","8,023,267,673.00","422,277,246.00",12.58
2025/06,777.28,781.50,"404,628,236,196.00","1,793.00","1,796.00","55,472,815,272.00","136,017,242,052.00","7,158,802,213.00","20,250,407,416.00","1,065,810,917.00",36.49,1.79,"2,949.13","3,071.70","2,512,091,649,124.00","63,901,921,991.00",849.00,962.00,14.04,"288,796,057,653.00","15,199,792,508.00","10,771,340,067.00","566,912,635.00",16.87
2025/07,801.41,805.24,"419,188,764,655.00","1,795.00","1,798.00","55,739,497,573.00","135,835,669,818.00","5,905,898,688.00","21,303,339,802.00","926,232,165.00",38.32,1.69,"3,168.59","3,245.44","2,662,743,380,814.00","64,016,219,141.00",849.00,961.00,14.84,"298,074,525,035.00","12,959,761,958.00","11,312,477,921.00","491,846,866.00",17.69
2025/08,797.13,796.91,"418,982,507,059.00","1,802.00","1,805.00","55,806,837,057.00","100,668,235,498.00","5,033,411,775.00","16,630,208,400.00","831,510,420.00",29.90,1.72,"3,183.79","3,186.01","2,619,011,116,579.00","64,086,244,318.00",850.00,961.00,14.57,"207,859,539,786.00","10,392,976,989.00","6,355,223,036.00","317,761,152.00",9.92
2025/09,836.59,841.99,"444,562,528,239.00","1,802.00","1,805.00","54,479,608,420.00","169,209,460,510.00","7,691,339,114.00","21,551,733,600.00","979,624,255.00",39.07,1.60,"3,352.56","3,424.60","2,817,769,969,229.00","63,694,964,624.00",847.00,958.00,15.81,"254,193,390,633.00","11,554,245,029.00","8,198,286,762.00","372,649,398.00",12.82
2025/10,874.37,900.42,"474,718,249,634.00","1,798.00","1,801.00","54,444,393,437.00","159,926,217,855.00","8,884,789,881.00","16,333,447,706.00","907,413,761.00",29.97,1.34,"3,808.59","4,107.50","3,383,447,874,400.00","63,593,145,976.00",847.00,958.00,18.97,"325,508,606,865.00","18,083,811,492.00","8,657,081,816.00","480,948,990.00",13.60
